{
      "id":"9663fc67-5687-4bf2-a274-f3826e41fdc8",
      "metadata_identifier":"9663fc67-5687-4bf2-a274-f3826e41fdc8",
      "alternate_identifier":["urn:x-wmo:md:int.wmo.wis::ca.gc.ec.msc-1.1.9.3",
        "other:alternate:identifier"],
      "alternate_identifier_type":["WIS",
        "OTHER"],
      "last_metadata_update_datetime":["2012-10-31T12:00:00Z",
        "2020-03-31T10:23:00Z"],
      "last_metadata_update_type":["Created",
        "Major modification"],
      "last_metadata_update_note":["",
        "Changed structure of the metadata element."],
      "metadata_status":"Active",
      "collection":["ADC",
        "NMDC"],
      "title":["Default language title"],
      "title_en":"Default language title",
      "title_no":"OSISAF Nordre Halvkule Iskant",
      "abstract":["\n        The daily analysis of sea ice concentration are obtained from operation\n        satellite images of the polar regions. It is based on atmospherically\n        corrected signal and an optimal sea ice concentration algorithm. This\n        product is available for free from the EUMETSAT Ocean and Sea Ice\n        Satellite Application Facility (OSI SAF).\n      "],
      "abstract_en":"\n        The daily analysis of sea ice concentration are obtained from operation\n        satellite images of the polar regions. It is based on atmospherically\n        corrected signal and an optimal sea ice concentration algorithm. This\n        product is available for free from the EUMETSAT Ocean and Sea Ice\n        Satellite Application Facility (OSI SAF).\n      ",
      "abstract_no":"\n        Dette er abstrakt på Norsk\n      ",
      "temporal_extent_start_date":["2012-01-01T12:00:00Z"],
      "temporal_extent_end_date":["2012-02-01T13:00:00Z"],
      "geographic_extent_rectangle_north":90.0,
      "geographic_extent_rectangle_south":-90.0,
      "geographic_extent_rectangle_east":180.0,
      "geographic_extent_rectangle_west":-180.0,
      "geographic_extent_rectangle_srsName":"EPSG:4326",
      "bbox":"ENVELOPE(-180,180,90,-90)",
      "geographic_extent_polygon_lowerLeft":[-180.0,
        -90.0],
      "geographic_extent_polygon_lowerRight":[180.0,
        -90.0],
      "geographic_extent_polygon_upperRight":[180.0,
        90.0],
      "geographic_extent_polygon_upperLeft":[-180.0,
        90.0],
      "geographic_extent_polygon_closingRing":[-180.0,
        -90.0],
      "geographic_extent_polygon_srsName":"EPSG:4326",
      "location_vocabulary":"gcmd",
      "location_category":"CONTINENT",
      "location_type":"NORTH AMERICA",
      "location_subregion1":"UNITED STATES OF AMERICA",
      "location_subregion2":"MARYLAND",
      "location_subregion3":"BALTIMORE",
      "location_detailed_location":"Middle River",
      "dataset_production_status":"In Work",
      "dataset_language":"en",
      "operational_status":"Pre-Operational",
      "access_constraint":"Open",
      "use_constraint_identifier":"CC-BY-4.0",
      "use_constraint_resource":"http://spdx.org/licenses/CC-BY-4.0",
      "personnel_investigator_role":["Investigator"],
      "personnel_investigator_name":["Ole Dole"],
      "personnel_investigator_email":["ole.dole@example.com"],
      "personnel_investigator_phone":["004711111111"],
      "personnel_investigator_fax":["004711223344"],
      "personnel_investigator_organisation":["MET.no"],
      "personnel_investigator_address":["Meteorologisk institutt, Henrik Mohnsplass 1"],
      "personnel_investigator_address_city":["Oslo"],
      "personnel_investigator_address_province_or_state":["Oslo"],
      "personnel_investigator_address_postal_code":["0105"],
      "personnel_investigator_address_country":["Norway"],
      "personnel_role":["Investigator",
        "Technical contact",
        "Metadata author",
        "Datacenter contact"],
      "personnel_name":["Ole Dole",
        "Doffen",
        "Donald",
        "Dolly"],
      "personnel_organisation":["MET.no"],
      "personnel_technical_role":["Technical contact"],
      "personnel_technical_name":["Doffen"],
      "personnel_technical_email":["doffen@example.com"],
      "personnel_technical_phone":["004711221111"],
      "personnel_technical_fax":["004711225566"],
      "personnel_technical_organisation":["MET.no"],
      "personnel_technical_address":["Meteorologisk institutt, Henrik Mohnsplass 1"],
      "personnel_technical_address_city":["Oslo"],
      "personnel_technical_address_province_or_state":["Oslo"],
      "personnel_technical_address_postal_code":["0105"],
      "personnel_technical_address_country":["Norway"],
      "personnel_metadata_author_role":["Metadata author"],
      "personnel_metadata_author_name":["Donald"],
      "personnel_metadata_author_email":["donald@example.com"],
      "personnel_metadata_author_phone":["004722331111"],
      "personnel_metadata_author_fax":["004711253566"],
      "personnel_metadata_author_organisation":["MET.no"],
      "personnel_metadata_author_address":["Meteorologisk institutt, Henrik Mohnsplass 1"],
      "personnel_metadata_author_address_city":["Oslo"],
      "personnel_metadata_author_address_province_or_state":["Oslo"],
      "personnel_metadata_author_address_postal_code":["0105"],
      "personnel_metadata_author_address_country":["Norway"],
      "personnel_datacenter_role":["Datacenter contact"],
      "personnel_datacenter_name":["Dolly"],
      "personnel_datacenter_email":["dolly@example.com"],
      "personnel_datacenter_phone":["004722331122"],
      "personnel_datacenter_fax":["004711253599"],
      "personnel_datacenter_organisation":["MET.no"],
      "personnel_datacenter_address":["Meteorologisk institutt, Henrik Mohnsplass 1"],
      "personnel_datacenter_address_city":["Oslo"],
      "personnel_datacenter_address_province_or_state":["Oslo"],
      "personnel_datacenter_address_postal_code":["0105"],
      "personnel_datacenter_address_country":["Norway"],
      "data_center_short_name":["METNO"],
      "data_center_long_name":["Norwegian Meteorological Institute"],
      "data_center_url":["http://met.no"],
      "data_access_url_opendap":["http://opendap.resource/url1",
        "http://opendap.resource/url2"],
      "data_access_url_opendap_desc":["Description for OPeNDAP url1",
        "Description for OPeNDAP url2"],
      "data_access_url_ogc_wms":["https://wms-resource/url1",
        "https://wms-resource/url2"],
      "data_access_url_ogc_wms_desc":["Description for OGC WMS resource url1",
        "Description for OGC WMS resource url2"],
      "data_access_wms_layers":["default_wms_layer_name_url1",
        "default_wms_layer_name_url2"],
      "data_access_url_ogc_wfs":["https://ogc-wfs/resource/url1",
        "https://ogc-wfs/resource/url2"],
      "data_access_url_ogc_wfs_desc":["Description for OGC WFS url1",
        "Description for OGC WFS url2"],
      "data_access_url_ogc_wcs":["https://ogc-wcs/resource/url1",
        "https://ogc-wcs/resource/url2"],
      "data_access_url_ogc_wcs_desc":["Description for OGC WCS url1",
        "Description for OGC WCS url2"],
      "data_access_url_http":["http://resource/url1",
        "http://resource/url2"],
      "data_access_url_http_desc":["Description of HTTP resource url1",
        "Description of HTTP resource url2"],
      "data_access_url_odata":["http://odata/resource/url1",
        "http://odata/resource/url2"],
      "data_access_url_odata_desc":["Description for ODATA resource url1",
        "Description for ODATA resource url2"],
      "data_access_url_ftp":["ftp://resource/url1",
        "ftp://resource/url2"],
      "data_access_url_ftp_desc":["Description for FTP resource url1",
        "Description for FTP resource url2"],
      "related_dataset":["9663fc67-5687-4bf2-a274-f3826e41fdc8",
        "f3826e41fdc8-9663fc67-5687-4bf2-a274"],
      "isParent":true,
      "dataset_type":"Level-1",
      "storage_information_file_name":"osisaf_radiative_flux_24h_hl_polstere-050_multi_202003051200.nc",
      "storage_information_file_location":"/path/to/file",
      "storage_information_file_format":"NetCDF-CF",
      "storage_information_file_size_unit":"GB",
      "storage_information_file_size":"0.12",
      "storage_information_file_checksum_type":"sha512sum",
      "storage_information_file_checksum":"ad33563f9ab3a6f2ba74ebd72cb1f45fda00d55121a29a29230147e3472ef267c50882b0e0b21ef9ee5ed5cc25e454167cd19a1818f1e13bc044b6fc3ef8f285",
      "related_information_type":["Project home page",
        "Users guide",
        "Dataset Landing page",
        "Scientific publication",
        "Other documentation"],
      "related_information_resource":["http://project.home.page/uri",
        "http://users.guide/uri",
        "http://landing.page/uri",
        "http://publication/uri",
        "http://documentation.other/uri"],
      "related_information_description":["",
        "Product manual for the dataset",
        "",
        "Author, Title (YYYY), Publisher, doi",
        "Conference poster"],
      "iso_topic_category":["oceans",
        "biota"],
      "keywords_keyword":["ice_edge",
        "Manual Generated Ice Edge",
        "Earth Science - Climate Indicators - Teleconnections - North Atlantic Oscillation",
        "Earth Science > Atmosphere > Atmospheric radiation > Reflectance",
        "AltitudeOrDepth",
        "ClimateZone"],
      "keywords_gcmd":["Earth Science - Climate Indicators - Teleconnections - North Atlantic Oscillation",
        "Earth Science > Atmosphere > Atmospheric radiation > Reflectance"],
      "keywords_level1":["Earth Science"],
      "keywords_level2":["Climate Indicators",
        "Atmosphere"],
      "keywords_level3":["Teleconnections",
        "Atmospheric radiation"],
      "keywords_level4":["North Atlantic Oscillation",
        "Reflectance"],
      "keywords_level5":["GCMD level 5 keyword"],
      "keywords_level6":["GCMD level 6 keyword"],
      "keywords_level7":["GCMD level 7 keyword"],
      "keywords_wigos":["AltitudeOrDepth",
        "ClimateZone"],
      "project_short_name":["ICE"],
      "project_long_name":["Ice Coverage Everywhere"],
      "platform_short_name":["S1A",
        "S1B"],
      "platform_long_name":["Sentinel-1A",
        "Sentinel-1B"],
      "platform_resource":["  https://www.wmo-sat.info/oscar/satellites/view/396",
        "  https://www.wmo-sat.info/oscar/satellites/view/397"],
      "platform_orbit_relative":[121,
        131],
      "platform_orbit_absolute":[62391,
        52391],
      "platform_orbit_direction":["ascending",
        "decending"],
      "platform_instrument_short_name":["SAR-C",
        "SAR-B"],
      "platform_instrument_long_name":[" Synthetic Aperture Radar (C-band)",
        " Synthetic Aperture Radar (B-band)"],
      "platform_instrument_resource":["  https://www.wmo-sat.info/oscar/instruments/view/450",
        "  https://www.wmo-sat.info/oscar/instruments/view/451"],
      "platform_instrument_mode":["IW",
        "EW"],
      "platform_instrument_polarisation":["VV+VH",
        "VV+HH"],
      "platform_instrument_product_type":["SLC",
        "OCN"],
      "platform_ancillary_cloud_coverage":[23.4,
        12.4],
      "platform_ancillary_scene_coverage":[77.0,
        66.0],
      "platform_ancillary_timeliness":["NRT",
        "delayed"],
      "activity_type":["Space Borne Instrument"],
      "dataset_citation_author":["Cristian Lussana, Ole Einar Tveito, Andreas Dobler, and Ketil Tunheim"],
      "dataset_citation_publication_date":["2012-01-01T12:00:00Z"],
      "dataset_citation_title":["seNorge_2018, daily precipitation, and temperature datasets over Norway"],
      "dataset_citation_series":["Earth System Science Data"],
      "dataset_citation_edition":[1],
      "dataset_citation_volume":[11],
      "dataset_citation_issue":[4],
      "dataset_citation_publication_place":["Oslo"],
      "dataset_citation_publisher":["Copernicus Publications"],
      "dataset_citation_pages":[66],
      "dataset_citation_isbn":["978-3-16-148410-0"],
      "dataset_citation_doi":["https://doi.org/10.5194/essd-11-1531-2019"],
      "dataset_citation_other":["Other information"],
      "mmd_file_name":"mmd_example.xml",
      "mmd_file_path":"/path/to/file",
      "mmd_repo_path":"https://github/path/to/mmd/file",
      "thumbnail":"the same field and content as old mmd drupal7",
      "thumbnail_data":"thumbnail data as Base64 encoded string",
      "base_map":"basemap thumb location",
      "feature_type":"timeSeries",
}
