<!--
  Edge NGram String Field
  6.0.0
-->
<fieldType name="text_edgenstring" class="solr.TextField" positionIncrementGap="100">
  <analyzer type="index">
    <tokenizer class="solr.KeywordTokenizerFactory"/>
    <filter class="solr.LowerCaseFilterFactory"/>
    <filter class="solr.RemoveDuplicatesTokenFilterFactory"/>
    <filter class="solr.EdgeNGramFilterFactory" minGramSize="2" maxGramSize="25"/>
  </analyzer>
  <analyzer type="query">
    <tokenizer class="solr.KeywordTokenizerFactory"/>
    <filter class="solr.LowerCaseFilterFactory"/>
    <filter class="solr.RemoveDuplicatesTokenFilterFactory"/>
  </analyzer>
</fieldType>
<!--
  Edge NGram Text Field
  7.0.0
-->
<fieldType name="text_edge" class="solr.TextField" positionIncrementGap="100">
  <analyzer type="index">
    <charFilter class="solr.MappingCharFilterFactory" mapping="accents_und.txt"/>
    <tokenizer class="solr.WhitespaceTokenizerFactory"/>
    <filter class="solr.StopFilterFactory" ignoreCase="true" words="stopwords_und.txt"/>
    <filter class="solr.WordDelimiterGraphFilterFactory" catenateNumbers="1" generateNumberParts="1" protected="protwords_und.txt" splitOnCaseChange="0" generateWordParts="1" preserveOriginal="1" catenateAll="0" catenateWords="1"/>
    <filter class="solr.LengthFilterFactory" min="2" max="100"/>
    <filter class="solr.LowerCaseFilterFactory"/>
    <filter class="solr.RemoveDuplicatesTokenFilterFactory"/>
    <filter class="solr.EdgeNGramFilterFactory" minGramSize="2" maxGramSize="25"/>
  </analyzer>
  <analyzer type="query">
    <charFilter class="solr.MappingCharFilterFactory" mapping="accents_und.txt"/>
    <tokenizer class="solr.WhitespaceTokenizerFactory"/>
    <filter class="solr.LengthFilterFactory" min="2" max="100"/>
    <filter class="solr.LowerCaseFilterFactory"/>
    <filter class="solr.RemoveDuplicatesTokenFilterFactory"/>
  </analyzer>
</fieldType>
<!--
  English Text Field
  7.0.0
-->
<fieldType name="text_en" class="solr.TextField" positionIncrementGap="100">
  <analyzer type="index">
    <charFilter class="solr.MappingCharFilterFactory" mapping="accents_en.txt"/>
    <tokenizer class="solr.WhitespaceTokenizerFactory"/>
    <filter class="solr.StopFilterFactory" ignoreCase="true" words="stopwords_en.txt"/>
    <filter class="solr.WordDelimiterGraphFilterFactory" catenateNumbers="1" generateNumberParts="1" protected="protwords_en.txt" splitOnCaseChange="0" generateWordParts="1" preserveOriginal="1" catenateAll="0" catenateWords="1"/>
    <filter class="solr.LengthFilterFactory" min="2" max="100"/>
    <filter class="solr.LowerCaseFilterFactory"/>
    <filter class="solr.SnowballPorterFilterFactory" language="English" protected="protwords_en.txt"/>
    <filter class="solr.RemoveDuplicatesTokenFilterFactory"/>
  </analyzer>
  <analyzer type="query">
    <charFilter class="solr.MappingCharFilterFactory" mapping="accents_en.txt"/>
    <tokenizer class="solr.WhitespaceTokenizerFactory"/>
    <filter class="solr.SynonymGraphFilterFactory" synonyms="synonyms_en.txt" expand="true" ignoreCase="true"/>
    <filter class="solr.StopFilterFactory" ignoreCase="true" words="stopwords_en.txt"/>
    <filter class="solr.WordDelimiterGraphFilterFactory" catenateNumbers="0" generateNumberParts="1" protected="protwords_en.txt" splitOnCaseChange="0" generateWordParts="1" preserveOriginal="1" catenateAll="0" catenateWords="0"/>
    <filter class="solr.LengthFilterFactory" min="2" max="100"/>
    <filter class="solr.LowerCaseFilterFactory"/>
    <filter class="solr.SnowballPorterFilterFactory" language="English" protected="protwords_en.txt"/>
    <filter class="solr.RemoveDuplicatesTokenFilterFactory"/>
  </analyzer>
</fieldType>
<!--
  English Text Field collated
  7.0.0
-->
<fieldType name="collated_en" class="solr.ICUCollationField" locale="en" strength="primary" caseLevel="false"/>
<!--
  English Text Field unstemmed
  7.0.0
-->
<fieldType name="text_unstemmed_en" class="solr.TextField" positionIncrementGap="100">
  <analyzer type="index">
    <charFilter class="solr.MappingCharFilterFactory" mapping="accents_en.txt"/>
    <tokenizer class="solr.WhitespaceTokenizerFactory"/>
    <filter class="solr.StopFilterFactory" ignoreCase="true" words="stopwords_en.txt"/>
    <filter class="solr.WordDelimiterGraphFilterFactory" catenateNumbers="1" generateNumberParts="1" protected="protwords_en.txt" splitOnCaseChange="0" generateWordParts="1" preserveOriginal="1" catenateAll="0" catenateWords="1"/>
    <filter class="solr.LengthFilterFactory" min="2" max="100"/>
    <filter class="solr.LowerCaseFilterFactory"/>
    <filter class="solr.RemoveDuplicatesTokenFilterFactory"/>
  </analyzer>
  <analyzer type="query">
    <charFilter class="solr.MappingCharFilterFactory" mapping="accents_en.txt"/>
    <tokenizer class="solr.WhitespaceTokenizerFactory"/>
    <filter class="solr.SynonymGraphFilterFactory" synonyms="synonyms_en.txt" expand="true" ignoreCase="true"/>
    <filter class="solr.StopFilterFactory" ignoreCase="true" words="stopwords_en.txt"/>
    <filter class="solr.WordDelimiterGraphFilterFactory" catenateNumbers="0" generateNumberParts="1" protected="protwords_en.txt" splitOnCaseChange="0" generateWordParts="1" preserveOriginal="1" catenateAll="0" catenateWords="0"/>
    <filter class="solr.LengthFilterFactory" min="2" max="100"/>
    <filter class="solr.LowerCaseFilterFactory"/>
    <filter class="solr.RemoveDuplicatesTokenFilterFactory"/>
  </analyzer>
</fieldType>
<!--
  Fulltext Phonetic
  7.0.0
-->
<fieldType name="text_phonetic_und" class="solr.TextField" positionIncrementGap="100">
  <analyzer type="index">
    <tokenizer class="solr.WhitespaceTokenizerFactory"/>
    <filter class="solr.StopFilterFactory" ignoreCase="true" words="stopwords_und.txt"/>
    <filter class="solr.WordDelimiterGraphFilterFactory" catenateNumbers="1" generateNumberParts="1" protected="protwords_und.txt" splitOnCaseChange="0" generateWordParts="1" preserveOriginal="1" catenateAll="0" catenateWords="1"/>
    <filter class="solr.LengthFilterFactory" min="2" max="100"/>
    <filter class="solr.LowerCaseFilterFactory"/>
    <filter class="solr.BeiderMorseFilterFactory" languageSet="auto" nameType="GENERIC" ruleType="APPROX" concat="true"/>
    <filter class="solr.RemoveDuplicatesTokenFilterFactory"/>
  </analyzer>
  <analyzer type="query">
    <tokenizer class="solr.WhitespaceTokenizerFactory"/>
    <filter class="solr.StopFilterFactory" ignoreCase="true" words="stopwords_und.txt"/>
    <filter class="solr.WordDelimiterGraphFilterFactory" catenateNumbers="0" generateNumberParts="1" protected="protwords_und.txt" splitOnCaseChange="0" generateWordParts="1" preserveOriginal="1" catenateAll="0" catenateWords="0"/>
    <filter class="solr.LengthFilterFactory" min="2" max="100"/>
    <filter class="solr.LowerCaseFilterFactory"/>
    <filter class="solr.BeiderMorseFilterFactory" languageSet="auto" nameType="GENERIC" ruleType="APPROX" concat="true"/>
    <filter class="solr.RemoveDuplicatesTokenFilterFactory"/>
  </analyzer>
</fieldType>
<!--
  Fulltext Phonetic English
  7.0.0
-->
<fieldType name="text_phonetic_en" class="solr.TextField" positionIncrementGap="100">
  <analyzer type="index">
    <tokenizer class="solr.WhitespaceTokenizerFactory"/>
    <filter class="solr.StopFilterFactory" ignoreCase="true" words="stopwords_en.txt"/>
    <filter class="solr.WordDelimiterGraphFilterFactory" catenateNumbers="1" generateNumberParts="1" protected="protwords_en.txt" splitOnCaseChange="0" generateWordParts="1" preserveOriginal="1" catenateAll="0" catenateWords="1"/>
    <filter class="solr.LengthFilterFactory" min="2" max="100"/>
    <filter class="solr.LowerCaseFilterFactory"/>
    <filter class="solr.BeiderMorseFilterFactory" languageSet="english" nameType="GENERIC" ruleType="APPROX" concat="true"/>
    <filter class="solr.RemoveDuplicatesTokenFilterFactory"/>
  </analyzer>
  <analyzer type="query">
    <tokenizer class="solr.WhitespaceTokenizerFactory"/>
    <filter class="solr.StopFilterFactory" ignoreCase="true" words="stopwords_en.txt"/>
    <filter class="solr.WordDelimiterGraphFilterFactory" catenateNumbers="0" generateNumberParts="1" protected="protwords_en.txt" splitOnCaseChange="0" generateWordParts="1" preserveOriginal="1" catenateAll="0" catenateWords="0"/>
    <filter class="solr.LengthFilterFactory" min="2" max="100"/>
    <filter class="solr.LowerCaseFilterFactory"/>
    <filter class="solr.BeiderMorseFilterFactory" languageSet="english" nameType="GENERIC" ruleType="APPROX" concat="true"/>
    <filter class="solr.RemoveDuplicatesTokenFilterFactory"/>
  </analyzer>
</fieldType>
<!--
  Language Undefined Text Field
  7.0.0
-->
<fieldType name="text_und" class="solr.TextField" positionIncrementGap="100">
  <analyzer type="index">
    <charFilter class="solr.MappingCharFilterFactory" mapping="accents_und.txt"/>
    <tokenizer class="solr.WhitespaceTokenizerFactory"/>
    <filter class="solr.StopFilterFactory" ignoreCase="true" words="stopwords_und.txt"/>
    <filter class="solr.WordDelimiterGraphFilterFactory" catenateNumbers="1" generateNumberParts="1" protected="protwords_und.txt" splitOnCaseChange="0" generateWordParts="1" preserveOriginal="1" catenateAll="0" catenateWords="1"/>
    <filter class="solr.LengthFilterFactory" min="2" max="100"/>
    <filter class="solr.LowerCaseFilterFactory"/>
    <filter class="solr.RemoveDuplicatesTokenFilterFactory"/>
  </analyzer>
  <analyzer type="query">
    <charFilter class="solr.MappingCharFilterFactory" mapping="accents_und.txt"/>
    <tokenizer class="solr.WhitespaceTokenizerFactory"/>
    <filter class="solr.SynonymGraphFilterFactory" synonyms="synonyms_und.txt" expand="true" ignoreCase="true"/>
    <filter class="solr.StopFilterFactory" ignoreCase="true" words="stopwords_und.txt"/>
    <filter class="solr.WordDelimiterGraphFilterFactory" catenateNumbers="0" generateNumberParts="1" protected="protwords_und.txt" splitOnCaseChange="0" generateWordParts="1" preserveOriginal="1" catenateAll="0" catenateWords="0"/>
    <filter class="solr.LengthFilterFactory" min="2" max="100"/>
    <filter class="solr.LowerCaseFilterFactory"/>
    <filter class="solr.RemoveDuplicatesTokenFilterFactory"/>
  </analyzer>
</fieldType>
<!--
  Language Undefined Text Field spellcheck
  7.0.0
-->
<fieldType name="text_spell_und" class="solr.TextField" positionIncrementGap="100">
  <analyzer>
    <charFilter class="solr.MappingCharFilterFactory" mapping="accents_und.txt"/>
    <tokenizer class="solr.WhitespaceTokenizerFactory"/>
    <filter class="solr.LengthFilterFactory" min="2" max="100"/>
    <filter class="solr.LowerCaseFilterFactory"/>
    <filter class="solr.RemoveDuplicatesTokenFilterFactory"/>
  </analyzer>
</fieldType>
<!--
  Language Undefined Text Field collated
  7.0.0
-->
<fieldType name="collated_und" class="solr.ICUCollationField" locale="en" strength="primary" caseLevel="false"/>
<!--
  NGram String Field
  6.0.0
-->
<fieldType name="text_ngramstring" class="solr.TextField" positionIncrementGap="100">
  <analyzer type="index">
    <tokenizer class="solr.KeywordTokenizerFactory"/>
    <filter class="solr.LowerCaseFilterFactory"/>
    <filter class="solr.RemoveDuplicatesTokenFilterFactory"/>
    <filter class="solr.NGramFilterFactory" minGramSize="2" maxGramSize="25"/>
  </analyzer>
  <analyzer type="query">
    <tokenizer class="solr.KeywordTokenizerFactory"/>
    <filter class="solr.LowerCaseFilterFactory"/>
    <filter class="solr.RemoveDuplicatesTokenFilterFactory"/>
  </analyzer>
</fieldType>
<!--
  NGram Text Field
  7.0.0
-->
<fieldType name="text_ngram" class="solr.TextField" positionIncrementGap="100">
  <analyzer type="index">
    <charFilter class="solr.MappingCharFilterFactory" mapping="accents_und.txt"/>
    <tokenizer class="solr.WhitespaceTokenizerFactory"/>
    <filter class="solr.StopFilterFactory" ignoreCase="true" words="stopwords_und.txt"/>
    <filter class="solr.WordDelimiterGraphFilterFactory" catenateNumbers="1" generateNumberParts="1" protected="protwords_und.txt" splitOnCaseChange="0" generateWordParts="1" preserveOriginal="1" catenateAll="0" catenateWords="1"/>
    <filter class="solr.LengthFilterFactory" min="2" max="100"/>
    <filter class="solr.LowerCaseFilterFactory"/>
    <filter class="solr.RemoveDuplicatesTokenFilterFactory"/>
    <filter class="solr.NGramFilterFactory" minGramSize="2" maxGramSize="25"/>
  </analyzer>
  <analyzer type="query">
    <charFilter class="solr.MappingCharFilterFactory" mapping="accents_und.txt"/>
    <tokenizer class="solr.WhitespaceTokenizerFactory"/>
    <filter class="solr.LengthFilterFactory" min="2" max="100"/>
    <filter class="solr.LowerCaseFilterFactory"/>
    <filter class="solr.RemoveDuplicatesTokenFilterFactory"/>
  </analyzer>
</fieldType>
<!--
  Norwegian Bokmal Text Field
  7.0.0
-->
<fieldType name="text_nb" class="solr.TextField" positionIncrementGap="100">
  <analyzer type="index">
    <charFilter class="solr.MappingCharFilterFactory" mapping="accents_nb.txt"/>
    <tokenizer class="solr.WhitespaceTokenizerFactory"/>
    <filter class="solr.WordDelimiterGraphFilterFactory" catenateNumbers="1" generateNumberParts="1" protected="protwords_nb.txt" splitOnCaseChange="0" generateWordParts="1" preserveOriginal="1" catenateAll="0" catenateWords="1"/>
    <filter class="solr.LengthFilterFactory" min="2" max="100"/>
    <filter class="solr.LowerCaseFilterFactory"/>
    <filter class="solr.StopFilterFactory" ignoreCase="true" words="stopwords_nb.txt"/>
    <filter class="solr.NorwegianLightStemFilterFactory" variant="nb"/>
    <filter class="solr.ScandinavianNormalizationFilterFactory"/>
    <filter class="solr.RemoveDuplicatesTokenFilterFactory"/>
  </analyzer>
  <analyzer type="query">
    <charFilter class="solr.MappingCharFilterFactory" mapping="accents_nb.txt"/>
    <tokenizer class="solr.WhitespaceTokenizerFactory"/>
    <filter class="solr.WordDelimiterGraphFilterFactory" catenateNumbers="0" generateNumberParts="1" protected="protwords_nb.txt" splitOnCaseChange="0" generateWordParts="1" preserveOriginal="1" catenateAll="0" catenateWords="0"/>
    <filter class="solr.LengthFilterFactory" min="2" max="100"/>
    <filter class="solr.LowerCaseFilterFactory"/>
    <filter class="solr.StopFilterFactory" ignoreCase="true" words="stopwords_nb.txt"/>
    <filter class="solr.SynonymGraphFilterFactory" synonyms="synonyms_nb.txt" expand="true" ignoreCase="true"/>
    <filter class="solr.NorwegianLightStemFilterFactory" variant="nb"/>
    <filter class="solr.ScandinavianNormalizationFilterFactory"/>
    <filter class="solr.RemoveDuplicatesTokenFilterFactory"/>
  </analyzer>
</fieldType>
<!--
  Norwegian Bokmal Text Field collated
  7.0.0
-->
<fieldType name="collated_nb" class="solr.ICUCollationField" locale="nb" strength="primary" caseLevel="false"/>
<!--
  Norwegian Bokmal Text Field unstemmed
  7.0.0
-->
<fieldType name="text_unstemmed_nb" class="solr.TextField" positionIncrementGap="100">
  <analyzer type="index">
    <charFilter class="solr.MappingCharFilterFactory" mapping="accents_nb.txt"/>
    <tokenizer class="solr.WhitespaceTokenizerFactory"/>
    <filter class="solr.WordDelimiterGraphFilterFactory" catenateNumbers="1" generateNumberParts="1" protected="protwords_nb.txt" splitOnCaseChange="0" generateWordParts="1" preserveOriginal="1" catenateAll="0" catenateWords="1"/>
    <filter class="solr.LengthFilterFactory" min="2" max="100"/>
    <filter class="solr.LowerCaseFilterFactory"/>
    <filter class="solr.StopFilterFactory" ignoreCase="true" words="stopwords_nb.txt"/>
    <filter class="solr.ScandinavianNormalizationFilterFactory"/>
    <filter class="solr.RemoveDuplicatesTokenFilterFactory"/>
  </analyzer>
  <analyzer type="query">
    <charFilter class="solr.MappingCharFilterFactory" mapping="accents_nb.txt"/>
    <tokenizer class="solr.WhitespaceTokenizerFactory"/>
    <filter class="solr.WordDelimiterGraphFilterFactory" catenateNumbers="0" generateNumberParts="1" protected="protwords_nb.txt" splitOnCaseChange="0" generateWordParts="1" preserveOriginal="1" catenateAll="0" catenateWords="0"/>
    <filter class="solr.LengthFilterFactory" min="2" max="100"/>
    <filter class="solr.LowerCaseFilterFactory"/>
    <filter class="solr.StopFilterFactory" ignoreCase="true" words="stopwords_nb.txt"/>
    <filter class="solr.SynonymGraphFilterFactory" synonyms="synonyms_nb.txt" expand="true" ignoreCase="true"/>
    <filter class="solr.ScandinavianNormalizationFilterFactory"/>
    <filter class="solr.RemoveDuplicatesTokenFilterFactory"/>
  </analyzer>
</fieldType>
<fieldType name="text_general" class="solr.TextField" positionIncrementGap="100" multiValued="true">
    <analyzer type="index">
      <tokenizer class="solr.KeywordTokenizerFactory"/>
      <filter class="solr.StopFilterFactory" words="stopwords.txt" ignoreCase="true"/>
      <filter class="solr.LowerCaseFilterFactory"/>
    </analyzer>
    <analyzer type="query">
      <tokenizer class="solr.KeywordTokenizerFactory"/>
      <filter class="solr.StopFilterFactory" words="stopwords.txt" ignoreCase="true"/>
      <filter class="solr.SynonymGraphFilterFactory" expand="true" ignoreCase="true" synonyms="synonyms.txt"/>
      <filter class="solr.LowerCaseFilterFactory"/>
    </analyzer>
  </fieldType>
  <fieldType name="text_general_rev" class="solr.TextField" positionIncrementGap="100">
    <analyzer type="index">
      <tokenizer class="solr.StandardTokenizerFactory"/>
      <filter class="solr.StopFilterFactory" words="stopwords.txt" ignoreCase="true"/>
      <filter class="solr.LowerCaseFilterFactory"/>
      <filter class="solr.ReversedWildcardFilterFactory" maxPosQuestion="2" maxFractionAsterisk="0.33" maxPosAsterisk="3" withOriginal="true"/>
    </analyzer>
    <analyzer type="query">
      <tokenizer class="solr.StandardTokenizerFactory"/>
      <filter class="solr.SynonymGraphFilterFactory" expand="true" ignoreCase="true" synonyms="synonyms.txt"/>
      <filter class="solr.StopFilterFactory" words="stopwords.txt" ignoreCase="true"/>
      <filter class="solr.LowerCaseFilterFactory"/>
    </analyzer>
  </fieldType>
<!-- Other languages -->
<fieldType name="text_ar" class="solr.TextField" positionIncrementGap="100">
    <analyzer>
      <tokenizer class="solr.StandardTokenizerFactory"/>
      <filter class="solr.LowerCaseFilterFactory"/>
      <filter class="solr.StopFilterFactory" words="lang/stopwords_ar.txt" ignoreCase="true"/>
      <filter class="solr.ArabicNormalizationFilterFactory"/>
      <filter class="solr.ArabicStemFilterFactory"/>
    </analyzer>
  </fieldType>
  <fieldType name="text_bg" class="solr.TextField" positionIncrementGap="100">
    <analyzer>
      <tokenizer class="solr.StandardTokenizerFactory"/>
      <filter class="solr.LowerCaseFilterFactory"/>
      <filter class="solr.StopFilterFactory" words="lang/stopwords_bg.txt" ignoreCase="true"/>
      <filter class="solr.BulgarianStemFilterFactory"/>
    </analyzer>
  </fieldType>
  <fieldType name="text_ca" class="solr.TextField" positionIncrementGap="100">
    <analyzer>
      <tokenizer class="solr.StandardTokenizerFactory"/>
      <filter class="solr.ElisionFilterFactory" articles="lang/contractions_ca.txt" ignoreCase="true"/>
      <filter class="solr.LowerCaseFilterFactory"/>
      <filter class="solr.StopFilterFactory" words="lang/stopwords_ca.txt" ignoreCase="true"/>
      <filter class="solr.SnowballPorterFilterFactory" language="Catalan"/>
    </analyzer>
  </fieldType>
  <fieldType name="text_cjk" class="solr.TextField" positionIncrementGap="100">
    <analyzer>
      <tokenizer class="solr.StandardTokenizerFactory"/>
      <filter class="solr.CJKWidthFilterFactory"/>
      <filter class="solr.LowerCaseFilterFactory"/>
      <filter class="solr.CJKBigramFilterFactory"/>
    </analyzer>
  </fieldType>
  <fieldType name="text_cz" class="solr.TextField" positionIncrementGap="100">
    <analyzer>
      <tokenizer class="solr.StandardTokenizerFactory"/>
      <filter class="solr.LowerCaseFilterFactory"/>
      <filter class="solr.StopFilterFactory" words="lang/stopwords_cz.txt" ignoreCase="true"/>
      <filter class="solr.CzechStemFilterFactory"/>
    </analyzer>
  </fieldType>
  <fieldType name="text_da" class="solr.TextField" positionIncrementGap="100">
    <analyzer>
      <tokenizer class="solr.StandardTokenizerFactory"/>
      <filter class="solr.LowerCaseFilterFactory"/>
      <filter class="solr.StopFilterFactory" format="snowball" words="lang/stopwords_da.txt" ignoreCase="true"/>
      <filter class="solr.SnowballPorterFilterFactory" language="Danish"/>
    </analyzer>
  </fieldType>
  <fieldType name="text_de" class="solr.TextField" positionIncrementGap="100">
    <analyzer>
      <tokenizer class="solr.StandardTokenizerFactory"/>
      <filter class="solr.LowerCaseFilterFactory"/>
      <filter class="solr.StopFilterFactory" format="snowball" words="lang/stopwords_de.txt" ignoreCase="true"/>
      <filter class="solr.GermanNormalizationFilterFactory"/>
      <filter class="solr.GermanLightStemFilterFactory"/>
    </analyzer>
  </fieldType>
  <fieldType name="text_el" class="solr.TextField" positionIncrementGap="100">
    <analyzer>
      <tokenizer class="solr.StandardTokenizerFactory"/>
      <filter class="solr.GreekLowerCaseFilterFactory"/>
      <filter class="solr.StopFilterFactory" words="lang/stopwords_el.txt" ignoreCase="false"/>
      <filter class="solr.GreekStemFilterFactory"/>
    </analyzer>
  </fieldType>
  <fieldType name="text_en_splitting" class="solr.TextField" autoGeneratePhraseQueries="true" positionIncrementGap="100">
    <analyzer type="index">
      <tokenizer class="solr.WhitespaceTokenizerFactory"/>
      <filter class="solr.StopFilterFactory" words="lang/stopwords_en.txt" ignoreCase="true"/>
      <filter class="solr.WordDelimiterGraphFilterFactory" catenateNumbers="1" generateNumberParts="1" splitOnCaseChange="1" generateWordParts="1" catenateAll="0" catenateWords="1"/>
      <filter class="solr.LowerCaseFilterFactory"/>
      <filter class="solr.KeywordMarkerFilterFactory" protected="protwords.txt"/>
      <filter class="solr.PorterStemFilterFactory"/>
      <filter class="solr.FlattenGraphFilterFactory"/>
    </analyzer>
    <analyzer type="query">
      <tokenizer class="solr.WhitespaceTokenizerFactory"/>
      <filter class="solr.SynonymGraphFilterFactory" expand="true" ignoreCase="true" synonyms="synonyms.txt"/>
      <filter class="solr.StopFilterFactory" words="lang/stopwords_en.txt" ignoreCase="true"/>
      <filter class="solr.WordDelimiterGraphFilterFactory" catenateNumbers="0" generateNumberParts="1" splitOnCaseChange="1" generateWordParts="1" catenateAll="0" catenateWords="0"/>
      <filter class="solr.LowerCaseFilterFactory"/>
      <filter class="solr.KeywordMarkerFilterFactory" protected="protwords.txt"/>
      <filter class="solr.PorterStemFilterFactory"/>
    </analyzer>
  </fieldType>
  <fieldType name="text_en_splitting_tight" class="solr.TextField" autoGeneratePhraseQueries="true" positionIncrementGap="100">
    <analyzer type="index">
      <tokenizer class="solr.WhitespaceTokenizerFactory"/>
      <filter class="solr.SynonymGraphFilterFactory" expand="false" ignoreCase="true" synonyms="synonyms.txt"/>
      <filter class="solr.StopFilterFactory" words="lang/stopwords_en.txt" ignoreCase="true"/>
      <filter class="solr.WordDelimiterGraphFilterFactory" catenateNumbers="1" generateNumberParts="0" generateWordParts="0" catenateAll="0" catenateWords="1"/>
      <filter class="solr.LowerCaseFilterFactory"/>
      <filter class="solr.KeywordMarkerFilterFactory" protected="protwords.txt"/>
      <filter class="solr.EnglishMinimalStemFilterFactory"/>
      <filter class="solr.RemoveDuplicatesTokenFilterFactory"/>
      <filter class="solr.FlattenGraphFilterFactory"/>
    </analyzer>
    <analyzer type="query">
      <tokenizer class="solr.WhitespaceTokenizerFactory"/>
      <filter class="solr.SynonymGraphFilterFactory" expand="false" ignoreCase="true" synonyms="synonyms.txt"/>
      <filter class="solr.StopFilterFactory" words="lang/stopwords_en.txt" ignoreCase="true"/>
      <filter class="solr.WordDelimiterGraphFilterFactory" catenateNumbers="1" generateNumberParts="0" generateWordParts="0" catenateAll="0" catenateWords="1"/>
      <filter class="solr.LowerCaseFilterFactory"/>
      <filter class="solr.KeywordMarkerFilterFactory" protected="protwords.txt"/>
      <filter class="solr.EnglishMinimalStemFilterFactory"/>
      <filter class="solr.RemoveDuplicatesTokenFilterFactory"/>
    </analyzer>
  </fieldType>
  <fieldType name="text_es" class="solr.TextField" positionIncrementGap="100">
    <analyzer>
      <tokenizer class="solr.StandardTokenizerFactory"/>
      <filter class="solr.LowerCaseFilterFactory"/>
      <filter class="solr.StopFilterFactory" format="snowball" words="lang/stopwords_es.txt" ignoreCase="true"/>
      <filter class="solr.SpanishLightStemFilterFactory"/>
    </analyzer>
  </fieldType>
  <fieldType name="text_et" class="solr.TextField" positionIncrementGap="100">
    <analyzer>
      <tokenizer class="solr.StandardTokenizerFactory"/>
      <filter class="solr.LowerCaseFilterFactory"/>
      <filter class="solr.StopFilterFactory" words="lang/stopwords_et.txt" ignoreCase="true"/>
      <filter class="solr.SnowballPorterFilterFactory" language="Estonian"/>
    </analyzer>
  </fieldType>
  <fieldType name="text_eu" class="solr.TextField" positionIncrementGap="100">
    <analyzer>
      <tokenizer class="solr.StandardTokenizerFactory"/>
      <filter class="solr.LowerCaseFilterFactory"/>
      <filter class="solr.StopFilterFactory" words="lang/stopwords_eu.txt" ignoreCase="true"/>
      <filter class="solr.SnowballPorterFilterFactory" language="Basque"/>
    </analyzer>
  </fieldType>
  <fieldType name="text_fa" class="solr.TextField" positionIncrementGap="100">
    <analyzer>
      <charFilter class="solr.PersianCharFilterFactory"/>
      <tokenizer class="solr.StandardTokenizerFactory"/>
      <filter class="solr.LowerCaseFilterFactory"/>
      <filter class="solr.ArabicNormalizationFilterFactory"/>
      <filter class="solr.PersianNormalizationFilterFactory"/>
      <filter class="solr.StopFilterFactory" words="lang/stopwords_fa.txt" ignoreCase="true"/>
    </analyzer>
  </fieldType>
  <fieldType name="text_fi" class="solr.TextField" positionIncrementGap="100">
    <analyzer>
      <tokenizer class="solr.StandardTokenizerFactory"/>
      <filter class="solr.LowerCaseFilterFactory"/>
      <filter class="solr.StopFilterFactory" format="snowball" words="lang/stopwords_fi.txt" ignoreCase="true"/>
      <filter class="solr.SnowballPorterFilterFactory" language="Finnish"/>
    </analyzer>
  </fieldType>
  <fieldType name="text_fr" class="solr.TextField" positionIncrementGap="100">
    <analyzer>
      <tokenizer class="solr.StandardTokenizerFactory"/>
      <filter class="solr.ElisionFilterFactory" articles="lang/contractions_fr.txt" ignoreCase="true"/>
      <filter class="solr.LowerCaseFilterFactory"/>
      <filter class="solr.StopFilterFactory" format="snowball" words="lang/stopwords_fr.txt" ignoreCase="true"/>
      <filter class="solr.FrenchLightStemFilterFactory"/>
    </analyzer>
  </fieldType>
  <fieldType name="text_ga" class="solr.TextField" positionIncrementGap="100">
    <analyzer>
      <tokenizer class="solr.StandardTokenizerFactory"/>
      <filter class="solr.ElisionFilterFactory" articles="lang/contractions_ga.txt" ignoreCase="true"/>
      <filter class="solr.StopFilterFactory" words="lang/hyphenations_ga.txt" ignoreCase="true"/>
      <filter class="solr.IrishLowerCaseFilterFactory"/>
      <filter class="solr.StopFilterFactory" words="lang/stopwords_ga.txt" ignoreCase="true"/>
      <filter class="solr.SnowballPorterFilterFactory" language="Irish"/>
    </analyzer>
  </fieldType>
  <fieldType name="text_gen_sort" class="solr.SortableTextField" positionIncrementGap="100" multiValued="true">
    <analyzer type="index">
      <tokenizer class="solr.StandardTokenizerFactory"/>
      <filter class="solr.StopFilterFactory" words="stopwords.txt" ignoreCase="true"/>
      <filter class="solr.LowerCaseFilterFactory"/>
    </analyzer>
    <analyzer type="query">
      <tokenizer class="solr.StandardTokenizerFactory"/>
      <filter class="solr.StopFilterFactory" words="stopwords.txt" ignoreCase="true"/>
      <filter class="solr.SynonymGraphFilterFactory" expand="true" ignoreCase="true" synonyms="synonyms.txt"/>
      <filter class="solr.LowerCaseFilterFactory"/>
    </analyzer>
  </fieldType>
  <fieldType name="text_gl" class="solr.TextField" positionIncrementGap="100">
    <analyzer>
      <tokenizer class="solr.StandardTokenizerFactory"/>
      <filter class="solr.LowerCaseFilterFactory"/>
      <filter class="solr.StopFilterFactory" words="lang/stopwords_gl.txt" ignoreCase="true"/>
      <filter class="solr.GalicianStemFilterFactory"/>
    </analyzer>
  </fieldType>
  <fieldType name="text_hi" class="solr.TextField" positionIncrementGap="100">
    <analyzer>
      <tokenizer class="solr.StandardTokenizerFactory"/>
      <filter class="solr.LowerCaseFilterFactory"/>
      <filter class="solr.IndicNormalizationFilterFactory"/>
      <filter class="solr.HindiNormalizationFilterFactory"/>
      <filter class="solr.StopFilterFactory" words="lang/stopwords_hi.txt" ignoreCase="true"/>
      <filter class="solr.HindiStemFilterFactory"/>
    </analyzer>
  </fieldType>
  <fieldType name="text_hu" class="solr.TextField" positionIncrementGap="100">
    <analyzer>
      <tokenizer class="solr.StandardTokenizerFactory"/>
      <filter class="solr.LowerCaseFilterFactory"/>
      <filter class="solr.StopFilterFactory" format="snowball" words="lang/stopwords_hu.txt" ignoreCase="true"/>
      <filter class="solr.SnowballPorterFilterFactory" language="Hungarian"/>
    </analyzer>
  </fieldType>
  <fieldType name="text_hy" class="solr.TextField" positionIncrementGap="100">
    <analyzer>
      <tokenizer class="solr.StandardTokenizerFactory"/>
      <filter class="solr.LowerCaseFilterFactory"/>
      <filter class="solr.StopFilterFactory" words="lang/stopwords_hy.txt" ignoreCase="true"/>
      <filter class="solr.SnowballPorterFilterFactory" language="Armenian"/>
    </analyzer>
  </fieldType>
  <fieldType name="text_id" class="solr.TextField" positionIncrementGap="100">
    <analyzer>
      <tokenizer class="solr.StandardTokenizerFactory"/>
      <filter class="solr.LowerCaseFilterFactory"/>
      <filter class="solr.StopFilterFactory" words="lang/stopwords_id.txt" ignoreCase="true"/>
      <filter class="solr.IndonesianStemFilterFactory" stemDerivational="true"/>
    </analyzer>
  </fieldType>
  <fieldType name="text_it" class="solr.TextField" positionIncrementGap="100">
    <analyzer>
      <tokenizer class="solr.StandardTokenizerFactory"/>
      <filter class="solr.ElisionFilterFactory" articles="lang/contractions_it.txt" ignoreCase="true"/>
      <filter class="solr.LowerCaseFilterFactory"/>
      <filter class="solr.StopFilterFactory" format="snowball" words="lang/stopwords_it.txt" ignoreCase="true"/>
      <filter class="solr.ItalianLightStemFilterFactory"/>
    </analyzer>
  </fieldType>
  <fieldType name="text_ja" class="solr.TextField" autoGeneratePhraseQueries="false" positionIncrementGap="100">
    <analyzer>
      <tokenizer class="solr.JapaneseTokenizerFactory" mode="search"/>
      <filter class="solr.JapaneseBaseFormFilterFactory"/>
      <filter class="solr.JapanesePartOfSpeechStopFilterFactory" tags="lang/stoptags_ja.txt"/>
      <filter class="solr.CJKWidthFilterFactory"/>
      <filter class="solr.StopFilterFactory" words="lang/stopwords_ja.txt" ignoreCase="true"/>
      <filter class="solr.JapaneseKatakanaStemFilterFactory" minimumLength="4"/>
      <filter class="solr.LowerCaseFilterFactory"/>
    </analyzer>
  </fieldType>
  <fieldType name="text_ko" class="solr.TextField" positionIncrementGap="100">
    <analyzer>
      <tokenizer class="solr.KoreanTokenizerFactory" outputUnknownUnigrams="false" decompoundMode="discard"/>
      <filter class="solr.KoreanPartOfSpeechStopFilterFactory"/>
      <filter class="solr.KoreanReadingFormFilterFactory"/>
      <filter class="solr.LowerCaseFilterFactory"/>
    </analyzer>
  </fieldType>
  <fieldType name="text_lv" class="solr.TextField" positionIncrementGap="100">
    <analyzer>
      <tokenizer class="solr.StandardTokenizerFactory"/>
      <filter class="solr.LowerCaseFilterFactory"/>
      <filter class="solr.StopFilterFactory" words="lang/stopwords_lv.txt" ignoreCase="true"/>
      <filter class="solr.LatvianStemFilterFactory"/>
    </analyzer>
  </fieldType>
  <fieldType name="text_nl" class="solr.TextField" positionIncrementGap="100">
    <analyzer>
      <tokenizer class="solr.StandardTokenizerFactory"/>
      <filter class="solr.LowerCaseFilterFactory"/>
      <filter class="solr.StopFilterFactory" format="snowball" words="lang/stopwords_nl.txt" ignoreCase="true"/>
      <filter class="solr.StemmerOverrideFilterFactory" dictionary="lang/stemdict_nl.txt" ignoreCase="false"/>
      <filter class="solr.SnowballPorterFilterFactory" language="Dutch"/>
    </analyzer>
  </fieldType>
  <fieldType name="text_no" class="solr.TextField" positionIncrementGap="100">
    <analyzer>
      <tokenizer class="solr.StandardTokenizerFactory"/>
      <filter class="solr.LowerCaseFilterFactory"/>
      <filter class="solr.StopFilterFactory" format="snowball" words="lang/stopwords_no.txt" ignoreCase="true"/>
      <filter class="solr.SnowballPorterFilterFactory" language="Norwegian"/>
    </analyzer>
  </fieldType>
  <fieldType name="text_pt" class="solr.TextField" positionIncrementGap="100">
    <analyzer>
      <tokenizer class="solr.StandardTokenizerFactory"/>
      <filter class="solr.LowerCaseFilterFactory"/>
      <filter class="solr.StopFilterFactory" format="snowball" words="lang/stopwords_pt.txt" ignoreCase="true"/>
      <filter class="solr.PortugueseLightStemFilterFactory"/>
    </analyzer>
  </fieldType>
  <fieldType name="text_ro" class="solr.TextField" positionIncrementGap="100">
    <analyzer>
      <tokenizer class="solr.StandardTokenizerFactory"/>
      <filter class="solr.LowerCaseFilterFactory"/>
      <filter class="solr.StopFilterFactory" words="lang/stopwords_ro.txt" ignoreCase="true"/>
      <filter class="solr.SnowballPorterFilterFactory" language="Romanian"/>
    </analyzer>
  </fieldType>
  <fieldType name="text_ru" class="solr.TextField" positionIncrementGap="100">
    <analyzer>
      <tokenizer class="solr.StandardTokenizerFactory"/>
      <filter class="solr.LowerCaseFilterFactory"/>
      <filter class="solr.StopFilterFactory" format="snowball" words="lang/stopwords_ru.txt" ignoreCase="true"/>
      <filter class="solr.SnowballPorterFilterFactory" language="Russian"/>
    </analyzer>
  </fieldType>
  <fieldType name="text_sv" class="solr.TextField" positionIncrementGap="100">
    <analyzer>
      <tokenizer class="solr.StandardTokenizerFactory"/>
      <filter class="solr.LowerCaseFilterFactory"/>
      <filter class="solr.StopFilterFactory" format="snowball" words="lang/stopwords_sv.txt" ignoreCase="true"/>
      <filter class="solr.SnowballPorterFilterFactory" language="Swedish"/>
    </analyzer>
  </fieldType>
  <fieldType name="text_th" class="solr.TextField" positionIncrementGap="100">
    <analyzer>
      <tokenizer class="solr.ThaiTokenizerFactory"/>
      <filter class="solr.LowerCaseFilterFactory"/>
      <filter class="solr.StopFilterFactory" words="lang/stopwords_th.txt" ignoreCase="true"/>
    </analyzer>
  </fieldType>
  <fieldType name="text_tr" class="solr.TextField" positionIncrementGap="100">
    <analyzer>
      <tokenizer class="solr.StandardTokenizerFactory"/>
      <filter class="solr.TurkishLowerCaseFilterFactory"/>
      <filter class="solr.StopFilterFactory" words="lang/stopwords_tr.txt" ignoreCase="false"/>
      <filter class="solr.SnowballPorterFilterFactory" language="Turkish"/>
    </analyzer>
  </fieldType>
